{"cameraMode":{"drawMode":0,"name":"Shaded","section":"Shading Mode"},"sceneLighting":false,"audioPlay":false,"sceneViewState":{"m_AlwaysRefresh":false,"showFog":false,"showSkybox":false,"showFlares":false,"showImageEffects":false,"showParticleSystems":false,"showVisualEffectGraphs":false,"m_FxEnabled":true},"in2DMode":false,"pivot":{"x":-0.0921400785446167,"y":1.3781604766845704,"z":-0.14016056060791017},"rotation":{"x":0.0730060562491417,"y":-0.35818710923194888,"z":0.028106950223445894,"w":0.9303678870201111},"size":2.0687406063079836,"orthographic":false}